,title
0,Tears at How Mini Dachshund Escorts Owner's Boyfriend to Elevator Every Day
1,Video: Mom Says Bathing Dachshund Is ‘Olympic Sport’ but She’s the One Bringing Chaos
2,Dachshund Puppy Meeting His Mom for the First Time Is the Best Thing in an Airport We've Ever Seen
3,Dachshund’s Meme-Worthy Zoomies Face Has TikTok Cracking Up
4,Caregiver Adopts Client's Obese 55-Lb. Dachshund After Dog Is Surrendered (Exclusive)
5,Caregiver adopts dementia-stricken patient’s rotund 55-pound Dachshund: ‘Got a brand new life’
6,Century Downs lets the dogs out as Dachshunds run for glory
7,'It was a blast': Tallmadge pup wins Great Wiener Dog Derby at Stark County Fair
8,"Furry Friend Fridays: 2-year-old Miniature Dachshund and Terrier mix, Captain Nemo"
9,Dachshund Owner’s Daily Struggle To Start Walks Leaves TikTok In Laughter
10,Video: Mom’s First Time Meeting Adopted Dachshund Puppy Is Truly Heartwarming
11,"Woman Gets Second Dachshund, Not Prepared for the 'Chaos' That Follows"
12,Dachshund Thinks Litter of Kittens Is Her Own and Pure Sweetness Ensues
13,Dachshund Puppy Getting on Older Fur-Siblings Nerves Is Too Funny
14,Bonded Dachshund and Aussie Searching for Forever Home Deserve a Happy Ending
15,How Dachshund Gets Downstairs in House Has Internet in Stitches: 'Genius'
16,Dachshund Realizing the Tiny Human Is Here To Stay Will Give You All the Laughs
17,Two-Legged Dog Surrendered Because She 'Wouldn't Make It'—This is Her Now
18,Dachshund's Stay With Grandma Ends With Clear Demand To Go Home
19,20-Year-Old Dachshund Adorably Cons Chihuahua Into Giving Up Her Dog Bed
20,Mini dachshund Valerie rescued after being lost in Australian wilderness
21,Tears of joy as Valerie the runaway dachshund finally reunited with owners
22,(PDF) Ischaemic Necrosis of Pinnae in a Dachshund Dog – A Report
23,Hundreds of dachshunds gather in Hungary in record breaking attempt
24,Internet Stunned as Dachshund Owner Reveals What Dog Does When He's at Work
25,"Mischievous Dachshund Won't Listen, but Sibling Does—Owner Knows What To Do"
26,"After 529 days alone in the Australian bush, Valerie the mini dachshund is home"
27,"Tiny Dachshund Puppy Comes Home for First Time, Makes Immediate Enemy"
28,"Toddler Trips on Dachshund, Loses Doughnut—People Sure the Dog Schemed It"
29,Hysterics as Ducks Appear to Have Chosen Dachshund as 'Supreme Leader'
30,Video: Human Loses Roommate’s Dachshund but Finds Him in the Most Unexpected Place
31,"Dachshund Lost on Australian Island Is Still Alive, but Elusive"
32,15 pictures of gorgeous cuddly dogs as popular festival returns
33,Video: Dog Attempts to ‘Scare’ Owner Away as They Try to Move Her Off Couch
34,(PDF) Juvenile Cellulitis in a Dachshund Puppy -A Case Report
35,Dachshund Realizes Crying Human Baby Is ‘Here to Stay’ and Her Side-Eye Says It All
36,Callaway Stretches Out National Dog Month with Chrome Tour Small Dog Dachshund Edition
37,Moment Dachshund Spots Owner While in the Groomers—'Is That You?'
38,CSU orthopedic surgeon gives dachshund puppy two new custom legs to stand on
39,Dachshund Waiting for Birthday Puppuccino at Drive-Thru Melts Hearts
40,Tiny Dachshund Putting Himself To Bed With Blanket Is So Sweet
41,‘Worked perfectly’: how wildlife team finally caught Valerie the dachshund after 529 days on the lam
42,Net closes in on Valerie with new footage of dachshund after more than 500 days at large on Kangaroo Island
43,Dachshund Puppy Left Home Alone for First Time—What Owner Sees Goes Viral
44,Sausage dogs are taking the world by storm
45,Missing sausage dog reunited with 'euphoric' owners after 540 days
46,Missing sausage dog 'finally safe' after 17 months on island
47,Valerie the Miniature Dachshund Has Been Rescued After Surviving for 529 Days on a Rugged Australian Island
48,Case report: FGF4L1 retrogene insertion is lacking in the tall dachshund phenotype
49,"After braving the wilderness for 500 days, Valerie is heavier than ever. Has someone been feeding the mini dachshund?"
50,Mini Dachshund Crunching on an Apple Is the Best Thing You’ll See All Day
51,Experts ‘amazed’ at survival of Valerie the miniature dachshund – on the run on South Australian island for more than a year
52,‘Listening is not the dachshund’s strong point’: Learn more about the smart and sassy ‘sausage dogs’ with their tiny legs and big personalities
53,Valerie the dachshund
54,Dachshund surprises owner with 11 puppies in Cambridgeshire
55,Dozens of dachshunds surprise woman for special event
56,Heartbreak As 20-Year-Old Dachshund Waits for a Home in Shelter
57,Internet Surprised by Dachshund's 'Very Rare' Pregnancy
58,Video: Dachshund Rings Her Bell To Get Mom’s Attention
59,Grateful dachshund owners invest in pet care for others
60,22 Essential Dachshund Supplies to Get You Started: 2025 Update
61,"After 529 Days, Valerie the Dachshund Has Been Rescued"
62,"Dachshund rescued after 529 days on Australian island doing 'really well', rescuers say."
63,Dachshund Refuses To Leave Owner’s Side After She Returns From Vacation
64,Artist Covers Transphobic Billboard With Giant Dachshund Drawing
65,Runaway Dachshund Missing for 529 Days on a Remote Island Is Finally Rescued
66,Neighbor Builds Fence Flap So Dachshund Besties Can Play Together
67,Dachshund Enjoying a Post-Bath Treat Wearing Cute Little Robe Is Impossible to Resist
68,Valerie the dachshund is found safe and well after 529 days on the run on South Australian island
69,Dachshund Caught On Camera Pulling Pool Cover While Owner Is At Work
70,Video: Dachshund Builds Herself a Chair To Keep a Watch on the Outside World
71,This Eight-Pound Miniature Dachshund Survived 16 Months on a Rugged Australian Island. But She's Still Evading Rescuers
72,Video: Mini Dachshund Participates in Weiner Dog Race & It Beats All Expectations
73,Do dogs need people to survive? The truth might hurt.
74,Hundreds of sausages gather in Germany for adorable largest Dachshund dog walk
75,A miniature dachshund is reunited with its owner after 18 months lost on an Australian island
76,Dachshund rescued after 529 days alone in the Australian wilderness
77,"Nugget, the Nation’s Fastest Dachshund, Takes on ESPN"
78,Selfless Australian Runner Helps Lost Dachshund Reunite With Worried Dad
79,A lucky rascal or a feral critter that ‘should be euthanised’? Hunt for Valerie the dachshund divides Kangaroo Island
80,Video: Dachshund Is Ready for ‘Beach Day’ Even Before Owner Wakes Her Up
81,Lightning-Fast Dachshund In The Home Stretch: Brosie Knows No Obstacles!
82,"Paralyzed Dachshund Tries Running with Brother, His Efforts Melts Hearts"
83,Video: Owner Buys Dachshund a Frisbee but He Uses It for Something Completely Different
84,Video: Dachshund Uses Sunlight To Recharge Herself for the Day
85,Adorable Mini Dachshund Greeting Her BFF Is Too Cute for Words
86,Long Island mall scion in legal dog fight with ex-girlfriend over their miniature Dachshund
87,Why Is My Dachshund Coughing? 12 Vet-Reviewed Reasons
88,Shock as Dachshund and Bernedoodle Have Puppies: 'Never Seen This Mix'
89,Loyal Ducks Hilariously Anoint Dachshund as Their ‘Supreme Leader’
